{"(9, 11)": 74.95284540832743, "(9, 10)": 81.31381564827021, "(11, 10)": 35.89134101496032, "(10, 10)": 41.018324834214084, "(11, 11)": 60.71495920504926, "(9, 9)": 60.83884677500099, "(11, 9)": 94.32876386100274, "(10, 11)": 1.4142135623730951, "(10, 9)": 149.85659811966906, "(11, 12)": 1.4142135623730951, "(9, 12)": 130.08245248473926, "(10, 12)": 167.91813481574883, "(12, 11)": 159.10059710761615, "(11, 13)": 127.47548783981962, "(10, 13)": 1.0, "(12, 13)": 204.91949638821583, "(12, 12)": 4.0, "(10, 14)": 3.0, "(9, 14)": 62.00806399170998, "(11, 14)": 195.88772294352702, "(9, 13)": 1.4142135623730951, "(8, 12)": 62.93647591023825, "(8, 13)": 113.53413583587978, "(8, 14)": 5.0}